id,gp,x,y,var,model
1,1,-68.9,-15.3,hurs,RegCM4_MPI-M-MPI-ESM-MR
2,1,-79.3,-0.7,hurs,RegCM4_NCC-NorESM1-M
3,1,-57.7,0.3,hurs,RegCM4_MOHC-HadGEM2-ES
4,1,-56.9,-4.3,hurs,RegCM4_MOHC-HadGEM2-ES
5,1,-75.1,-14.7,hurs,RegCM4_MPI-M-MPI-ESM-MR
6,1,-59.7,1.1,hurs,RegCM4_MOHC-HadGEM2-ES
7,1,-67.1,-25.7,hurs,RegCM4_NCC-NorESM1-M
8,1,-67.1,-23.5,hurs,RegCM4_MOHC-HadGEM2-ES
9,1,-58.5,-1.1,hurs,RegCM4_MOHC-HadGEM2-ES
10,1,-73.1,5.3,hurs,RegCM4_NCC-NorESM1-M
11,1,-78.7,-2.9,hurs,RegCM4_MPI-M-MPI-ESM-MR
12,1,-57.5,1.3,hurs,RegCM4_MOHC-HadGEM2-ES
13,1,-70.1,-22.1,hurs,RegCM4_MPI-M-MPI-ESM-MR
14,1,-73.3,-13.3,hurs,RegCM4_MPI-M-MPI-ESM-MR
15,1,-75.5,4.3,hurs,RegCM4_NCC-NorESM1-M
16,1,-75.9,4.1,hurs,RegCM4_MPI-M-MPI-ESM-MR
17,2,-64.1,-3.5,hurs,RegCM4_NCC-NorESM1-M
18,2,-66.1,-20.3,hurs,REMO2015_MOHC-HadGEM2-ES
19,2,-63.1,2.7,hurs,REMO2015_NCC-NorESM1-M
20,2,-71.1,9.1,hurs,RegCM4_NCC-NorESM1-M
21,2,-62.1,-7.5,hurs,REMO2015_MPI-M-MPI-ESM-LR
22,2,-68.1,-22.1,hurs,REMO2015_MOHC-HadGEM2-ES
23,2,-78.3,-2.7,hurs,REMO2015_MPI-M-MPI-ESM-LR
24,2,-69.9,-22.7,hurs,REMO2015_MPI-M-MPI-ESM-LR
25,2,-66.3,-9.9,hurs,REMO2015_MOHC-HadGEM2-ES
26,2,-67.5,-25.5,hurs,REMO2015_MOHC-HadGEM2-ES
27,2,-65.9,-20.3,hurs,RegCM4_MOHC-HadGEM2-ES
28,2,-56.9,-9.3,hurs,REMO2015_MPI-M-MPI-ESM-LR
29,2,-43.5,-8.9,hurs,RegCM4_MPI-M-MPI-ESM-MR
30,2,-61.9,-8.5,hurs,REMO2015_MPI-M-MPI-ESM-LR
31,2,-72.1,-15.1,hurs,REMO2015_NCC-NorESM1-M
32,2,-72.5,-13.7,hurs,REMO2015_MPI-M-MPI-ESM-LR
33,3,-68.9,-14.7,hurs,RegCM4_NCC-NorESM1-M
34,3,-73.7,-15.9,hurs,RegCM4_NCC-NorESM1-M
35,3,-73.7,-13.5,hurs,RegCM4_NCC-NorESM1-M
36,3,-79.5,-1.7,hurs,RegCM4_NCC-NorESM1-M
37,3,-69.9,-14.5,hurs,RegCM4_MPI-M-MPI-ESM-MR
38,3,-72.5,6.5,hurs,RegCM4_MPI-M-MPI-ESM-MR
39,3,-70.1,-14.3,hurs,RegCM4_NCC-NorESM1-M
40,3,-70.5,-14.7,hurs,RegCM4_NCC-NorESM1-M
41,3,-70.3,-14.9,hurs,RegCM4_NCC-NorESM1-M
42,3,-69.3,-16.1,hurs,RegCM4_NCC-NorESM1-M
43,3,-69.1,-15.5,hurs,RegCM4_MPI-M-MPI-ESM-MR
44,3,-76.5,2.1,hurs,RegCM4_MPI-M-MPI-ESM-MR
45,3,-70.3,-14.7,hurs,RegCM4_MPI-M-MPI-ESM-MR
46,3,-73.3,-13.5,hurs,RegCM4_MPI-M-MPI-ESM-MR
47,3,-75.3,4.9,hurs,RegCM4_MPI-M-MPI-ESM-MR
48,3,-69.5,-15.1,hurs,RegCM4_NCC-NorESM1-M
49,4,-62.9,1.7,hurs,REMO2015_MPI-M-MPI-ESM-LR
50,4,-64.9,4.7,hurs,REMO2015_MOHC-HadGEM2-ES
51,4,-66.5,-9.3,hurs,RegCM4_NCC-NorESM1-M
52,4,-66.7,2.9,hurs,REMO2015_MOHC-HadGEM2-ES
53,4,-44.9,-1.9,hurs,RegCM4_MOHC-HadGEM2-ES
54,4,-73.5,4.7,hurs,RegCM4_NCC-NorESM1-M
55,4,-65.3,-6.7,hurs,RegCM4_MPI-M-MPI-ESM-MR
56,4,-58.3,-6.7,hurs,REMO2015_MOHC-HadGEM2-ES
57,4,-66.3,-29.5,hurs,REMO2015_MOHC-HadGEM2-ES
58,4,-63.1,-6.7,hurs,RegCM4_MPI-M-MPI-ESM-MR
59,4,-58.5,-26.9,hurs,RegCM4_NCC-NorESM1-M
60,4,-63.5,-27.1,hurs,REMO2015_MOHC-HadGEM2-ES
61,4,-62.3,-6.1,hurs,RegCM4_MPI-M-MPI-ESM-MR
62,4,-46.1,-3.1,hurs,RegCM4_MOHC-HadGEM2-ES
63,4,-69.1,0.5,hurs,REMO2015_MOHC-HadGEM2-ES
64,4,-70.9,5.9,hurs,REMO2015_MOHC-HadGEM2-ES
65,5,-76.9,-4.9,hurs,RegCM4_MPI-M-MPI-ESM-MR
66,5,-69.9,-16.5,hurs,RegCM4_NCC-NorESM1-M
67,5,-39.9,-9.9,hurs,REMO2015_NCC-NorESM1-M
68,5,-79.1,-3.7,hurs,RegCM4_MPI-M-MPI-ESM-MR
69,5,-72.5,7.3,hurs,REMO2015_MPI-M-MPI-ESM-LR
70,5,-58.5,2.5,hurs,REMO2015_MPI-M-MPI-ESM-LR
71,5,-59.7,-28.3,hurs,RegCM4_NCC-NorESM1-M
72,5,-68.5,-27.9,hurs,REMO2015_MOHC-HadGEM2-ES
73,5,-59.9,-5.9,hurs,RegCM4_NCC-NorESM1-M
74,5,-76.3,1.7,hurs,RegCM4_MPI-M-MPI-ESM-MR
75,5,-60.9,6.7,hurs,REMO2015_MOHC-HadGEM2-ES
76,5,-73.1,8.7,hurs,RegCM4_NCC-NorESM1-M
77,5,-68.1,-23.1,hurs,RegCM4_MPI-M-MPI-ESM-MR
78,5,-69.7,-29.5,hurs,RegCM4_NCC-NorESM1-M
79,5,-65.1,4.9,hurs,REMO2015_MPI-M-MPI-ESM-LR
80,5,-63.3,7.5,hurs,REMO2015_MPI-M-MPI-ESM-LR
81,6,-58.5,3.1,hurs,REMO2015_MPI-M-MPI-ESM-LR
82,6,-67.9,-22.5,hurs,REMO2015_MOHC-HadGEM2-ES
83,6,-57.5,0.9,hurs,RegCM4_NCC-NorESM1-M
84,6,-65.3,-27.3,hurs,REMO2015_MPI-M-MPI-ESM-LR
85,6,-71.3,8.1,hurs,RegCM4_NCC-NorESM1-M
86,6,-74.9,-14.1,hurs,RegCM4_MPI-M-MPI-ESM-MR
87,6,-57.9,-22.3,hurs,RegCM4_NCC-NorESM1-M
88,6,-58.7,-1.3,hurs,REMO2015_NCC-NorESM1-M
89,6,-69.9,-28.7,hurs,REMO2015_MPI-M-MPI-ESM-LR
90,6,-69.1,-16.7,hurs,RegCM4_MPI-M-MPI-ESM-MR
91,6,-63.7,6.1,hurs,RegCM4_MOHC-HadGEM2-ES
92,6,-58.5,3.5,hurs,REMO2015_NCC-NorESM1-M
93,6,-65.1,-28.3,hurs,REMO2015_MPI-M-MPI-ESM-LR
94,6,-56.9,-22.9,hurs,RegCM4_NCC-NorESM1-M
95,6,-68.3,-18.7,hurs,RegCM4_MOHC-HadGEM2-ES
96,6,-63.7,-26.3,hurs,REMO2015_MPI-M-MPI-ESM-LR
97,1,-70.3,9.1,pr,RegCM4_NCC-NorESM1-M
98,1,-69.9,-14.9,pr,RegCM4_NCC-NorESM1-M
99,1,-70.1,-15.9,pr,RegCM4_MPI-M-MPI-ESM-MR
100,1,-70.9,9.1,pr,RegCM4_NCC-NorESM1-M
101,1,-73.7,-12.7,pr,RegCM4_NCC-NorESM1-M
102,1,-69.3,-15.7,pr,RegCM4_NCC-NorESM1-M
103,1,-74.1,-11.7,pr,RegCM4_MPI-M-MPI-ESM-MR
104,1,-68.7,-16.1,pr,RegCM4_NCC-NorESM1-M
105,1,-67.5,-19.3,pr,RegCM4_MPI-M-MPI-ESM-MR
106,1,-67.5,-18.9,pr,RegCM4_NCC-NorESM1-M
107,1,-72.9,7.3,pr,RegCM4_MPI-M-MPI-ESM-MR
108,1,-76.1,5.5,pr,RegCM4_NCC-NorESM1-M
109,1,-73.3,7.9,pr,RegCM4_NCC-NorESM1-M
110,1,-75.3,4.9,pr,RegCM4_MPI-M-MPI-ESM-MR
111,1,-72.3,8.1,pr,RegCM4_NCC-NorESM1-M
112,1,-75.9,3.3,pr,RegCM4_NCC-NorESM1-M
113,2,-67.5,9.1,pr,REMO2015_NCC-NorESM1-M
114,2,-73.9,-12.9,pr,RegCM4_MOHC-HadGEM2-ES
115,2,-61.7,-9.1,pr,RegCM4_MPI-M-MPI-ESM-MR
116,2,-43.1,-5.3,pr,RegCM4_MPI-M-MPI-ESM-MR
117,2,-66.7,-0.9,pr,REMO2015_MPI-M-MPI-ESM-LR
118,2,-66.3,4.1,pr,REMO2015_NCC-NorESM1-M
119,2,-74.9,-15.1,pr,REMO2015_MOHC-HadGEM2-ES
120,2,-66.1,-24.5,pr,RegCM4_MOHC-HadGEM2-ES
121,2,-58.5,-26.9,pr,REMO2015_NCC-NorESM1-M
122,2,-66.9,-24.5,pr,RegCM4_MOHC-HadGEM2-ES
123,2,-44.3,-9.5,pr,RegCM4_NCC-NorESM1-M
124,2,-70.1,-18.9,pr,RegCM4_NCC-NorESM1-M
125,2,-67.5,-25.9,pr,RegCM4_MOHC-HadGEM2-ES
126,2,-69.1,7.1,pr,REMO2015_NCC-NorESM1-M
127,2,-39.1,-9.1,pr,RegCM4_MOHC-HadGEM2-ES
128,2,-71.9,-12.1,pr,RegCM4_NCC-NorESM1-M
129,3,-74.9,4.3,pr,RegCM4_MPI-M-MPI-ESM-MR
130,3,-71.1,-28.5,pr,RegCM4_NCC-NorESM1-M
131,3,-57.9,-5.7,pr,REMO2015_NCC-NorESM1-M
132,3,-66.7,-4.5,pr,RegCM4_MOHC-HadGEM2-ES
133,3,-75.1,5.5,pr,RegCM4_MOHC-HadGEM2-ES
134,3,-40.5,-9.7,pr,RegCM4_NCC-NorESM1-M
135,3,-69.7,-15.9,pr,RegCM4_NCC-NorESM1-M
136,3,-65.3,-0.1,pr,RegCM4_MPI-M-MPI-ESM-MR
137,3,-78.7,-6.3,pr,REMO2015_MPI-M-MPI-ESM-LR
138,3,-78.5,-8.1,pr,REMO2015_MPI-M-MPI-ESM-LR
139,3,-57.5,-25.3,pr,RegCM4_NCC-NorESM1-M
140,3,-56.9,5.3,pr,RegCM4_MOHC-HadGEM2-ES
141,3,-64.7,-3.5,pr,REMO2015_MOHC-HadGEM2-ES
142,3,-73.3,6.7,pr,REMO2015_MPI-M-MPI-ESM-LR
143,3,-71.5,-11.5,pr,RegCM4_MPI-M-MPI-ESM-MR
144,3,-62.7,6.1,pr,RegCM4_NCC-NorESM1-M
145,4,-73.5,-16.1,pr,RegCM4_MPI-M-MPI-ESM-MR
146,4,-74.3,5.7,pr,RegCM4_MPI-M-MPI-ESM-MR
147,4,-66.1,0.9,pr,RegCM4_NCC-NorESM1-M
148,4,-67.1,-23.5,pr,RegCM4_MPI-M-MPI-ESM-MR
149,4,-72.5,8.3,pr,RegCM4_MPI-M-MPI-ESM-MR
150,4,-74.7,-12.7,pr,RegCM4_MPI-M-MPI-ESM-MR
151,4,-76.3,7.1,pr,RegCM4_NCC-NorESM1-M
152,4,-74.7,6.5,pr,RegCM4_NCC-NorESM1-M
153,4,-76.1,5.9,pr,RegCM4_MPI-M-MPI-ESM-MR
154,4,-74.1,-15.1,pr,RegCM4_MPI-M-MPI-ESM-MR
155,4,-71.1,-12.9,pr,RegCM4_MPI-M-MPI-ESM-MR
156,4,-78.3,-7.9,pr,RegCM4_MPI-M-MPI-ESM-MR
157,4,-66.9,-15.9,pr,RegCM4_NCC-NorESM1-M
158,4,-77.9,-7.1,pr,RegCM4_MPI-M-MPI-ESM-MR
159,4,-67.3,-21.9,pr,RegCM4_MPI-M-MPI-ESM-MR
160,4,-76.1,1.5,pr,RegCM4_NCC-NorESM1-M
161,5,-71.5,3.9,pr,REMO2015_NCC-NorESM1-M
162,5,-65.5,-2.9,pr,REMO2015_MPI-M-MPI-ESM-LR
163,5,-62.7,4.1,pr,RegCM4_MOHC-HadGEM2-ES
164,5,-60.5,-2.3,pr,REMO2015_MPI-M-MPI-ESM-LR
165,5,-65.1,-7.7,pr,RegCM4_NCC-NorESM1-M
166,5,-45.9,-6.5,pr,RegCM4_NCC-NorESM1-M
167,5,-44.7,-6.9,pr,RegCM4_MPI-M-MPI-ESM-MR
168,5,-73.7,8.9,pr,REMO2015_MOHC-HadGEM2-ES
169,5,-43.7,-10.1,pr,RegCM4_MPI-M-MPI-ESM-MR
170,5,-70.9,-0.1,pr,RegCM4_MOHC-HadGEM2-ES
171,5,-72.3,0.3,pr,RegCM4_MPI-M-MPI-ESM-MR
172,5,-60.1,7.5,pr,REMO2015_MPI-M-MPI-ESM-LR
173,5,-64.1,6.5,pr,REMO2015_MOHC-HadGEM2-ES
174,5,-69.9,5.1,pr,REMO2015_NCC-NorESM1-M
175,5,-70.3,-17.7,pr,REMO2015_NCC-NorESM1-M
176,5,-78.3,-2.7,pr,RegCM4_NCC-NorESM1-M
177,6,-70.3,-23.3,pr,REMO2015_MOHC-HadGEM2-ES
178,6,-69.9,-23.9,pr,REMO2015_MOHC-HadGEM2-ES
179,6,-69.1,2.9,pr,REMO2015_NCC-NorESM1-M
180,6,-46.9,-2.7,pr,REMO2015_NCC-NorESM1-M
181,6,-70.5,-16.1,pr,RegCM4_MOHC-HadGEM2-ES
182,6,-62.7,0.1,pr,RegCM4_NCC-NorESM1-M
183,6,-74.3,6.3,pr,RegCM4_MOHC-HadGEM2-ES
184,6,-73.3,6.3,pr,RegCM4_MOHC-HadGEM2-ES
185,6,-71.7,3.9,pr,REMO2015_MPI-M-MPI-ESM-LR
186,6,-70.7,-17.3,pr,REMO2015_NCC-NorESM1-M
187,6,-76.9,-5.5,pr,REMO2015_MPI-M-MPI-ESM-LR
188,6,-70.1,8.3,pr,RegCM4_MOHC-HadGEM2-ES
189,6,-70.5,2.1,pr,REMO2015_MPI-M-MPI-ESM-LR
190,6,-69.9,-11.3,pr,REMO2015_MPI-M-MPI-ESM-LR
191,6,-60.9,-27.3,pr,RegCM4_NCC-NorESM1-M
192,6,-59.7,-0.1,pr,RegCM4_MPI-M-MPI-ESM-MR
193,1,-74.7,4.9,rsds,RegCM4_NCC-NorESM1-M
194,1,-76.9,-9.1,rsds,RegCM4_NCC-NorESM1-M
195,1,-68.1,-16.3,rsds,RegCM4_MPI-M-MPI-ESM-MR
196,1,-73.7,-11.3,rsds,RegCM4_MPI-M-MPI-ESM-MR
197,1,-74.3,-11.3,rsds,RegCM4_MPI-M-MPI-ESM-MR
198,1,-75.1,2.7,rsds,RegCM4_MPI-M-MPI-ESM-MR
199,1,-69.5,-14.7,rsds,RegCM4_NCC-NorESM1-M
200,1,-70.1,-16.9,rsds,RegCM4_NCC-NorESM1-M
201,1,-72.3,6.7,rsds,RegCM4_MPI-M-MPI-ESM-MR
202,1,-71.7,8.5,rsds,RegCM4_MPI-M-MPI-ESM-MR
203,1,-75.9,4.1,rsds,RegCM4_NCC-NorESM1-M
204,1,-71.3,-13.7,rsds,RegCM4_MPI-M-MPI-ESM-MR
205,1,-75.7,3.9,rsds,RegCM4_NCC-NorESM1-M
206,1,-76.9,-8.1,rsds,RegCM4_MPI-M-MPI-ESM-MR
207,1,-76.1,6.1,rsds,RegCM4_MPI-M-MPI-ESM-MR
208,1,-72.7,-14.7,rsds,RegCM4_NCC-NorESM1-M
209,2,-65.7,-5.5,rsds,RegCM4_NCC-NorESM1-M
210,2,-69.1,5.3,rsds,REMO2015_MOHC-HadGEM2-ES
211,2,-78.5,-6.1,rsds,RegCM4_MOHC-HadGEM2-ES
212,2,-70.7,4.9,rsds,RegCM4_MPI-M-MPI-ESM-MR
213,2,-46.3,-2.9,rsds,RegCM4_MPI-M-MPI-ESM-MR
214,2,-66.7,-0.3,rsds,RegCM4_NCC-NorESM1-M
215,2,-58.5,-24.7,rsds,REMO2015_MPI-M-MPI-ESM-LR
216,2,-65.1,-7.5,rsds,RegCM4_MPI-M-MPI-ESM-MR
217,2,-67.7,-25.3,rsds,RegCM4_MPI-M-MPI-ESM-MR
218,2,-70.5,7.5,rsds,REMO2015_MOHC-HadGEM2-ES
219,2,-61.3,-27.9,rsds,REMO2015_MPI-M-MPI-ESM-LR
220,2,-64.3,-2.1,rsds,RegCM4_NCC-NorESM1-M
221,2,-62.5,-6.9,rsds,RegCM4_NCC-NorESM1-M
222,2,-59.1,-25.1,rsds,RegCM4_NCC-NorESM1-M
223,2,-60.5,5.3,rsds,RegCM4_MPI-M-MPI-ESM-MR
224,2,-64.5,2.1,rsds,RegCM4_NCC-NorESM1-M
225,3,-71.1,-11.7,rsds,RegCM4_MPI-M-MPI-ESM-MR
226,3,-65.7,-6.7,rsds,REMO2015_NCC-NorESM1-M
227,3,-59.7,7.9,rsds,REMO2015_NCC-NorESM1-M
228,3,-68.7,-20.7,rsds,RegCM4_MPI-M-MPI-ESM-MR
229,3,-65.7,0.9,rsds,RegCM4_NCC-NorESM1-M
230,3,-66.9,-22.1,rsds,RegCM4_NCC-NorESM1-M
231,3,-60.5,-9.9,rsds,RegCM4_MOHC-HadGEM2-ES
232,3,-40.1,-9.7,rsds,RegCM4_NCC-NorESM1-M
233,3,-64.3,-5.5,rsds,RegCM4_MOHC-HadGEM2-ES
234,3,-71.9,-10.7,rsds,REMO2015_MPI-M-MPI-ESM-LR
235,3,-59.9,-10.1,rsds,RegCM4_NCC-NorESM1-M
236,3,-37.5,-9.1,rsds,RegCM4_MPI-M-MPI-ESM-MR
237,3,-61.9,5.5,rsds,RegCM4_NCC-NorESM1-M
238,3,-70.3,9.1,rsds,RegCM4_MPI-M-MPI-ESM-MR
239,3,-39.9,-8.5,rsds,RegCM4_MPI-M-MPI-ESM-MR
240,3,-73.7,4.9,rsds,RegCM4_NCC-NorESM1-M
241,4,-60.9,-20.5,rsds,RegCM4_MPI-M-MPI-ESM-MR
242,4,-66.5,-23.1,rsds,REMO2015_MOHC-HadGEM2-ES
243,4,-46.3,-5.5,rsds,RegCM4_MPI-M-MPI-ESM-MR
244,4,-61.7,-2.5,rsds,RegCM4_NCC-NorESM1-M
245,4,-65.9,-7.9,rsds,RegCM4_MPI-M-MPI-ESM-MR
246,4,-57.7,-2.3,rsds,REMO2015_NCC-NorESM1-M
247,4,-38.3,-10.1,rsds,REMO2015_NCC-NorESM1-M
248,4,-56.9,-6.3,rsds,RegCM4_NCC-NorESM1-M
249,4,-60.1,1.1,rsds,RegCM4_NCC-NorESM1-M
250,4,-58.7,-29.7,rsds,REMO2015_MPI-M-MPI-ESM-LR
251,4,-68.1,-28.7,rsds,RegCM4_MOHC-HadGEM2-ES
252,4,-59.3,-29.3,rsds,RegCM4_NCC-NorESM1-M
253,4,-69.1,-26.3,rsds,REMO2015_MPI-M-MPI-ESM-LR
254,4,-70.1,9.1,rsds,REMO2015_NCC-NorESM1-M
255,4,-72.7,4.9,rsds,RegCM4_NCC-NorESM1-M
256,4,-68.3,-28.5,rsds,RegCM4_MOHC-HadGEM2-ES
257,5,-76.1,7.3,rsds,RegCM4_NCC-NorESM1-M
258,5,-76.9,-9.7,rsds,RegCM4_NCC-NorESM1-M
259,5,-79.5,-3.3,rsds,RegCM4_MPI-M-MPI-ESM-MR
260,5,-68.1,-16.9,rsds,RegCM4_NCC-NorESM1-M
261,5,-73.3,-11.3,rsds,RegCM4_MPI-M-MPI-ESM-MR
262,5,-72.7,-11.7,rsds,RegCM4_MPI-M-MPI-ESM-MR
263,5,-73.7,5.1,rsds,RegCM4_NCC-NorESM1-M
264,5,-71.1,-16.3,rsds,RegCM4_NCC-NorESM1-M
265,5,-70.9,-14.3,rsds,RegCM4_MPI-M-MPI-ESM-MR
266,5,-79.9,-5.9,rsds,RegCM4_MPI-M-MPI-ESM-MR
267,5,-59.3,-1.7,rsds,RegCM4_MOHC-HadGEM2-ES
268,5,-75.5,2.3,rsds,RegCM4_NCC-NorESM1-M
269,5,-78.7,-2.3,rsds,RegCM4_MPI-M-MPI-ESM-MR
270,5,-67.5,-16.1,rsds,RegCM4_MPI-M-MPI-ESM-MR
271,5,-80.5,-1.3,rsds,RegCM4_NCC-NorESM1-M
272,5,-67.1,-18.1,rsds,RegCM4_MPI-M-MPI-ESM-MR
273,6,-70.1,-13.9,rsds,RegCM4_MPI-M-MPI-ESM-MR
274,6,-78.3,-3.7,rsds,REMO2015_MPI-M-MPI-ESM-LR
275,6,-77.1,-0.7,rsds,REMO2015_MPI-M-MPI-ESM-LR
276,6,-44.3,-7.9,rsds,REMO2015_NCC-NorESM1-M
277,6,-43.1,-9.9,rsds,RegCM4_MPI-M-MPI-ESM-MR
278,6,-60.5,-8.3,rsds,REMO2015_NCC-NorESM1-M
279,6,-44.7,-9.3,rsds,RegCM4_MPI-M-MPI-ESM-MR
280,6,-45.9,-5.9,rsds,REMO2015_NCC-NorESM1-M
281,6,-59.9,5.1,rsds,REMO2015_NCC-NorESM1-M
282,6,-59.5,-9.1,rsds,REMO2015_NCC-NorESM1-M
283,6,-78.9,-3.9,rsds,REMO2015_MOHC-HadGEM2-ES
284,6,-64.3,-2.5,rsds,RegCM4_MOHC-HadGEM2-ES
285,6,-70.3,-14.1,rsds,RegCM4_MOHC-HadGEM2-ES
286,6,-61.5,-0.1,rsds,REMO2015_MOHC-HadGEM2-ES
287,6,-70.7,-16.1,rsds,RegCM4_NCC-NorESM1-M
288,6,-76.1,1.1,rsds,RegCM4_MPI-M-MPI-ESM-MR
289,1,-57.9,-0.9,sfcWind,RegCM4_NCC-NorESM1-M
290,1,-80.1,-2.1,sfcWind,REMO2015_MOHC-HadGEM2-ES
291,1,-77.5,-8.7,sfcWind,REMO2015_MPI-M-MPI-ESM-LR
292,1,-68.5,9.3,sfcWind,REMO2015_MOHC-HadGEM2-ES
293,1,-60.1,1.7,sfcWind,REMO2015_NCC-NorESM1-M
294,1,-63.9,-2.7,sfcWind,REMO2015_NCC-NorESM1-M
295,1,-65.7,-1.3,sfcWind,REMO2015_NCC-NorESM1-M
296,1,-67.3,-16.3,sfcWind,REMO2015_MOHC-HadGEM2-ES
297,1,-70.7,8.3,sfcWind,REMO2015_NCC-NorESM1-M
298,1,-79.9,-6.7,sfcWind,REMO2015_MOHC-HadGEM2-ES
299,1,-68.5,-16.1,sfcWind,REMO2015_NCC-NorESM1-M
300,1,-70.5,-23.3,sfcWind,RegCM4_MOHC-HadGEM2-ES
301,1,-76.1,8.7,sfcWind,REMO2015_MPI-M-MPI-ESM-LR
302,1,-41.9,-7.9,sfcWind,REMO2015_MPI-M-MPI-ESM-LR
303,1,-68.5,-27.7,sfcWind,RegCM4_MOHC-HadGEM2-ES
304,1,-66.9,-13.9,sfcWind,RegCM4_NCC-NorESM1-M
305,2,-69.9,-25.3,sfcWind,RegCM4_MPI-M-MPI-ESM-MR
306,2,-76.9,-4.9,sfcWind,REMO2015_MOHC-HadGEM2-ES
307,2,-58.7,-2.1,sfcWind,REMO2015_MOHC-HadGEM2-ES
308,2,-73.1,-13.9,sfcWind,RegCM4_MPI-M-MPI-ESM-MR
309,2,-76.5,3.7,sfcWind,RegCM4_MPI-M-MPI-ESM-MR
310,2,-80.3,-4.9,sfcWind,REMO2015_MPI-M-MPI-ESM-LR
311,2,-80.5,-1.7,sfcWind,RegCM4_NCC-NorESM1-M
312,2,-74.9,4.7,sfcWind,RegCM4_MPI-M-MPI-ESM-MR
313,2,-67.9,-18.3,sfcWind,RegCM4_NCC-NorESM1-M
314,2,-58.5,-7.5,sfcWind,REMO2015_NCC-NorESM1-M
315,2,-61.7,6.9,sfcWind,RegCM4_MOHC-HadGEM2-ES
316,2,-68.3,-18.3,sfcWind,RegCM4_NCC-NorESM1-M
317,2,-71.7,-15.9,sfcWind,RegCM4_MPI-M-MPI-ESM-MR
318,2,-70.3,-23.9,sfcWind,RegCM4_MPI-M-MPI-ESM-MR
319,2,-65.7,-25.1,sfcWind,RegCM4_MPI-M-MPI-ESM-MR
320,2,-75.5,-10.7,sfcWind,RegCM4_NCC-NorESM1-M
321,3,-74.7,8.3,sfcWind,RegCM4_NCC-NorESM1-M
322,3,-70.1,-29.3,sfcWind,RegCM4_NCC-NorESM1-M
323,3,-68.5,-16.3,sfcWind,REMO2015_MOHC-HadGEM2-ES
324,3,-68.7,-20.9,sfcWind,REMO2015_MOHC-HadGEM2-ES
325,3,-75.5,6.3,sfcWind,RegCM4_MPI-M-MPI-ESM-MR
326,3,-75.5,1.5,sfcWind,REMO2015_MPI-M-MPI-ESM-LR
327,3,-71.5,-12.5,sfcWind,RegCM4_NCC-NorESM1-M
328,3,-68.9,-23.5,sfcWind,RegCM4_NCC-NorESM1-M
329,3,-78.1,-8.3,sfcWind,RegCM4_MPI-M-MPI-ESM-MR
330,3,-66.5,-1.1,sfcWind,RegCM4_MOHC-HadGEM2-ES
331,3,-71.9,9.1,sfcWind,RegCM4_MPI-M-MPI-ESM-MR
332,3,-59.7,6.7,sfcWind,RegCM4_NCC-NorESM1-M
333,3,-65.3,0.9,sfcWind,REMO2015_MOHC-HadGEM2-ES
334,3,-77.3,-8.1,sfcWind,RegCM4_MOHC-HadGEM2-ES
335,3,-67.7,-14.9,sfcWind,RegCM4_MPI-M-MPI-ESM-MR
336,3,-72.1,-14.3,sfcWind,RegCM4_MPI-M-MPI-ESM-MR
337,4,-76.1,-11.9,sfcWind,RegCM4_NCC-NorESM1-M
338,4,-80.1,-2.3,sfcWind,RegCM4_NCC-NorESM1-M
339,4,-79.9,-0.9,sfcWind,RegCM4_NCC-NorESM1-M
340,4,-77.1,-7.7,sfcWind,RegCM4_NCC-NorESM1-M
341,4,-71.9,-12.9,sfcWind,RegCM4_MPI-M-MPI-ESM-MR
342,4,-67.5,-16.7,sfcWind,RegCM4_MPI-M-MPI-ESM-MR
343,4,-76.7,-9.7,sfcWind,RegCM4_NCC-NorESM1-M
344,4,-72.9,6.9,sfcWind,RegCM4_MPI-M-MPI-ESM-MR
345,4,-77.1,-7.1,sfcWind,RegCM4_MPI-M-MPI-ESM-MR
346,4,-75.9,-11.5,sfcWind,RegCM4_NCC-NorESM1-M
347,4,-74.9,6.3,sfcWind,RegCM4_MPI-M-MPI-ESM-MR
348,4,-60.9,5.5,sfcWind,RegCM4_NCC-NorESM1-M
349,4,-76.1,5.7,sfcWind,RegCM4_MPI-M-MPI-ESM-MR
350,4,-67.9,-18.5,sfcWind,RegCM4_NCC-NorESM1-M
351,4,-73.7,-12.7,sfcWind,RegCM4_NCC-NorESM1-M
352,4,-71.3,-16.5,sfcWind,RegCM4_NCC-NorESM1-M
353,5,-69.7,-18.7,sfcWind,RegCM4_NCC-NorESM1-M
354,5,-70.1,-15.1,sfcWind,RegCM4_MPI-M-MPI-ESM-MR
355,5,-68.7,-16.3,sfcWind,RegCM4_MPI-M-MPI-ESM-MR
356,5,-70.7,-15.9,sfcWind,RegCM4_NCC-NorESM1-M
357,5,-79.1,-0.5,sfcWind,RegCM4_MPI-M-MPI-ESM-MR
358,5,-79.3,-2.7,sfcWind,RegCM4_NCC-NorESM1-M
359,5,-68.5,-16.5,sfcWind,RegCM4_NCC-NorESM1-M
360,5,-76.5,5.1,sfcWind,RegCM4_MPI-M-MPI-ESM-MR
361,5,-69.7,-17.1,sfcWind,RegCM4_NCC-NorESM1-M
362,5,-75.1,4.5,sfcWind,RegCM4_NCC-NorESM1-M
363,5,-66.9,-18.1,sfcWind,RegCM4_NCC-NorESM1-M
364,5,-69.1,-16.5,sfcWind,RegCM4_MPI-M-MPI-ESM-MR
365,5,-70.7,-14.5,sfcWind,RegCM4_NCC-NorESM1-M
366,5,-79.7,-3.5,sfcWind,RegCM4_NCC-NorESM1-M
367,5,-71.1,-13.1,sfcWind,RegCM4_MPI-M-MPI-ESM-MR
368,5,-69.3,-15.5,sfcWind,RegCM4_NCC-NorESM1-M
369,6,-76.5,8.1,sfcWind,REMO2015_MPI-M-MPI-ESM-LR
370,6,-73.1,3.7,sfcWind,REMO2015_MPI-M-MPI-ESM-LR
371,6,-67.7,-11.1,sfcWind,REMO2015_NCC-NorESM1-M
372,6,-76.7,-2.9,sfcWind,RegCM4_MOHC-HadGEM2-ES
373,6,-63.3,-9.3,sfcWind,REMO2015_MOHC-HadGEM2-ES
374,6,-66.9,-20.5,sfcWind,RegCM4_MPI-M-MPI-ESM-MR
375,6,-65.5,-6.9,sfcWind,REMO2015_MOHC-HadGEM2-ES
376,6,-60.1,-20.3,sfcWind,RegCM4_NCC-NorESM1-M
377,6,-63.5,-24.9,sfcWind,RegCM4_MOHC-HadGEM2-ES
378,6,-72.9,1.5,sfcWind,RegCM4_MPI-M-MPI-ESM-MR
379,6,-68.1,-21.9,sfcWind,REMO2015_MOHC-HadGEM2-ES
380,6,-64.5,1.7,sfcWind,REMO2015_MPI-M-MPI-ESM-LR
381,6,-73.3,0.5,sfcWind,REMO2015_MOHC-HadGEM2-ES
382,6,-65.1,-29.1,sfcWind,RegCM4_MOHC-HadGEM2-ES
383,6,-77.3,-3.9,sfcWind,REMO2015_MOHC-HadGEM2-ES
384,6,-58.7,-26.7,sfcWind,REMO2015_MOHC-HadGEM2-ES
385,1,-57.9,-7.9,tasmax,RegCM4_NCC-NorESM1-M
386,1,-62.7,7.9,tasmax,RegCM4_NCC-NorESM1-M
387,1,-66.9,-11.3,tasmax,RegCM4_NCC-NorESM1-M
388,1,-73.9,8.9,tasmax,REMO2015_MOHC-HadGEM2-ES
389,1,-73.5,-10.7,tasmax,RegCM4_MPI-M-MPI-ESM-MR
390,1,-70.7,-13.5,tasmax,RegCM4_MPI-M-MPI-ESM-MR
391,1,-70.1,-15.7,tasmax,REMO2015_MPI-M-MPI-ESM-LR
392,1,-63.3,3.7,tasmax,RegCM4_MOHC-HadGEM2-ES
393,1,-70.3,-12.1,tasmax,RegCM4_MOHC-HadGEM2-ES
394,1,-64.9,6.5,tasmax,REMO2015_MOHC-HadGEM2-ES
395,1,-81.1,-4.5,tasmax,RegCM4_MOHC-HadGEM2-ES
396,1,-67.5,3.9,tasmax,REMO2015_NCC-NorESM1-M
397,1,-74.5,3.5,tasmax,REMO2015_NCC-NorESM1-M
398,1,-75.3,5.1,tasmax,REMO2015_NCC-NorESM1-M
399,1,-81.1,-4.9,tasmax,REMO2015_NCC-NorESM1-M
400,1,-62.9,4.3,tasmax,REMO2015_MOHC-HadGEM2-ES
401,2,-66.9,-19.1,tasmax,RegCM4_NCC-NorESM1-M
402,2,-77.9,-8.1,tasmax,RegCM4_MPI-M-MPI-ESM-MR
403,2,-70.7,8.9,tasmax,RegCM4_NCC-NorESM1-M
404,2,-68.5,-16.5,tasmax,RegCM4_MPI-M-MPI-ESM-MR
405,2,-79.3,-5.7,tasmax,RegCM4_MPI-M-MPI-ESM-MR
406,2,-79.5,-5.3,tasmax,RegCM4_MPI-M-MPI-ESM-MR
407,2,-72.1,-12.3,tasmax,RegCM4_MPI-M-MPI-ESM-MR
408,2,-79.3,-3.9,tasmax,RegCM4_MPI-M-MPI-ESM-MR
409,2,-75.9,-10.7,tasmax,RegCM4_MPI-M-MPI-ESM-MR
410,2,-75.5,4.3,tasmax,RegCM4_MPI-M-MPI-ESM-MR
411,2,-76.1,3.1,tasmax,RegCM4_MPI-M-MPI-ESM-MR
412,2,-74.5,3.7,tasmax,RegCM4_MPI-M-MPI-ESM-MR
413,2,-75.3,5.1,tasmax,RegCM4_MPI-M-MPI-ESM-MR
414,2,-72.7,-14.9,tasmax,RegCM4_MPI-M-MPI-ESM-MR
415,2,-78.9,-2.3,tasmax,RegCM4_MPI-M-MPI-ESM-MR
416,2,-78.7,-1.9,tasmax,RegCM4_NCC-NorESM1-M
417,3,-39.3,-8.9,tasmax,RegCM4_MPI-M-MPI-ESM-MR
418,3,-57.1,-4.3,tasmax,RegCM4_NCC-NorESM1-M
419,3,-73.1,8.3,tasmax,RegCM4_MPI-M-MPI-ESM-MR
420,3,-60.9,1.3,tasmax,REMO2015_NCC-NorESM1-M
421,3,-58.5,-0.5,tasmax,RegCM4_NCC-NorESM1-M
422,3,-70.3,-16.5,tasmax,RegCM4_MOHC-HadGEM2-ES
423,3,-68.9,0.9,tasmax,RegCM4_MOHC-HadGEM2-ES
424,3,-61.1,3.3,tasmax,REMO2015_MOHC-HadGEM2-ES
425,3,-68.5,0.7,tasmax,REMO2015_MOHC-HadGEM2-ES
426,3,-69.3,-16.5,tasmax,REMO2015_NCC-NorESM1-M
427,3,-39.3,-7.1,tasmax,RegCM4_NCC-NorESM1-M
428,3,-69.9,-23.7,tasmax,REMO2015_MPI-M-MPI-ESM-LR
429,3,-71.7,0.7,tasmax,RegCM4_MOHC-HadGEM2-ES
430,3,-61.1,4.5,tasmax,REMO2015_NCC-NorESM1-M
431,3,-58.5,-8.9,tasmax,RegCM4_NCC-NorESM1-M
432,3,-44.3,-3.9,tasmax,RegCM4_MPI-M-MPI-ESM-MR
433,4,-68.5,-21.9,tasmax,REMO2015_NCC-NorESM1-M
434,4,-72.1,6.9,tasmax,REMO2015_NCC-NorESM1-M
435,4,-64.3,-29.3,tasmax,REMO2015_NCC-NorESM1-M
436,4,-62.3,1.1,tasmax,REMO2015_MPI-M-MPI-ESM-LR
437,4,-41.7,-3.7,tasmax,REMO2015_MPI-M-MPI-ESM-LR
438,4,-58.9,-1.3,tasmax,REMO2015_MPI-M-MPI-ESM-LR
439,4,-60.3,6.1,tasmax,REMO2015_MPI-M-MPI-ESM-LR
440,4,-41.9,-7.9,tasmax,REMO2015_MPI-M-MPI-ESM-LR
441,4,-59.1,-24.5,tasmax,REMO2015_MOHC-HadGEM2-ES
442,4,-69.1,6.7,tasmax,RegCM4_NCC-NorESM1-M
443,4,-38.3,-9.5,tasmax,REMO2015_MPI-M-MPI-ESM-LR
444,4,-78.9,-4.1,tasmax,RegCM4_MPI-M-MPI-ESM-MR
445,4,-73.5,6.5,tasmax,REMO2015_MOHC-HadGEM2-ES
446,4,-66.3,-26.1,tasmax,REMO2015_MPI-M-MPI-ESM-LR
447,4,-75.5,3.7,tasmax,RegCM4_NCC-NorESM1-M
448,4,-69.1,-28.7,tasmax,RegCM4_NCC-NorESM1-M
449,5,-79.5,-4.3,tasmax,RegCM4_MOHC-HadGEM2-ES
450,5,-60.3,7.1,tasmax,RegCM4_MPI-M-MPI-ESM-MR
451,5,-81.1,-5.9,tasmax,RegCM4_MOHC-HadGEM2-ES
452,5,-69.5,-13.5,tasmax,RegCM4_MOHC-HadGEM2-ES
453,5,-62.1,4.5,tasmax,RegCM4_MOHC-HadGEM2-ES
454,5,-76.3,4.9,tasmax,RegCM4_NCC-NorESM1-M
455,5,-75.1,8.9,tasmax,REMO2015_MPI-M-MPI-ESM-LR
456,5,-75.1,-14.9,tasmax,RegCM4_MOHC-HadGEM2-ES
457,5,-72.7,-13.5,tasmax,RegCM4_MOHC-HadGEM2-ES
458,5,-81.1,-5.1,tasmax,REMO2015_MOHC-HadGEM2-ES
459,5,-46.1,-6.9,tasmax,RegCM4_NCC-NorESM1-M
460,5,-70.1,-22.5,tasmax,RegCM4_NCC-NorESM1-M
461,5,-74.7,3.7,tasmax,RegCM4_NCC-NorESM1-M
462,5,-75.7,-12.3,tasmax,RegCM4_MPI-M-MPI-ESM-MR
463,5,-38.1,-8.1,tasmax,REMO2015_NCC-NorESM1-M
464,5,-77.7,-6.7,tasmax,RegCM4_MOHC-HadGEM2-ES
465,6,-62.9,4.7,tasmax,RegCM4_MOHC-HadGEM2-ES
466,6,-57.5,6.1,tasmax,RegCM4_NCC-NorESM1-M
467,6,-60.7,-3.7,tasmax,REMO2015_NCC-NorESM1-M
468,6,-59.3,-2.7,tasmax,REMO2015_MOHC-HadGEM2-ES
469,6,-61.9,-7.9,tasmax,REMO2015_NCC-NorESM1-M
470,6,-72.1,-12.7,tasmax,REMO2015_NCC-NorESM1-M
471,6,-60.7,-3.1,tasmax,REMO2015_NCC-NorESM1-M
472,6,-57.5,-4.3,tasmax,REMO2015_MOHC-HadGEM2-ES
473,6,-66.9,-25.5,tasmax,RegCM4_MPI-M-MPI-ESM-MR
474,6,-60.1,-2.7,tasmax,RegCM4_MOHC-HadGEM2-ES
475,6,-62.5,-6.5,tasmax,REMO2015_NCC-NorESM1-M
476,6,-59.9,-1.9,tasmax,RegCM4_MOHC-HadGEM2-ES
477,6,-73.7,-11.7,tasmax,REMO2015_NCC-NorESM1-M
478,6,-77.3,-10.1,tasmax,REMO2015_MOHC-HadGEM2-ES
479,6,-59.1,6.7,tasmax,RegCM4_MOHC-HadGEM2-ES
480,6,-67.9,2.1,tasmax,REMO2015_NCC-NorESM1-M
481,1,-58.7,-6.7,tasmin,REMO2015_MOHC-HadGEM2-ES
482,1,-60.1,8.5,tasmin,REMO2015_MOHC-HadGEM2-ES
483,1,-71.1,-14.1,tasmin,RegCM4_NCC-NorESM1-M
484,1,-65.5,8.7,tasmin,REMO2015_MOHC-HadGEM2-ES
485,1,-64.7,-1.1,tasmin,REMO2015_MOHC-HadGEM2-ES
486,1,-71.7,-15.1,tasmin,REMO2015_MOHC-HadGEM2-ES
487,1,-63.1,9.1,tasmin,RegCM4_MPI-M-MPI-ESM-MR
488,1,-62.5,3.5,tasmin,RegCM4_MOHC-HadGEM2-ES
489,1,-80.1,-0.5,tasmin,RegCM4_MOHC-HadGEM2-ES
490,1,-79.5,-6.3,tasmin,RegCM4_MOHC-HadGEM2-ES
491,1,-69.5,-0.1,tasmin,RegCM4_MPI-M-MPI-ESM-MR
492,1,-41.5,-6.5,tasmin,REMO2015_MOHC-HadGEM2-ES
493,1,-69.7,-14.1,tasmin,RegCM4_MPI-M-MPI-ESM-MR
494,1,-59.1,7.1,tasmin,RegCM4_MPI-M-MPI-ESM-MR
495,1,-62.5,6.7,tasmin,RegCM4_MOHC-HadGEM2-ES
496,1,-57.1,1.3,tasmin,RegCM4_MPI-M-MPI-ESM-MR
497,2,-65.7,-25.1,tasmin,REMO2015_MOHC-HadGEM2-ES
498,2,-59.1,-26.9,tasmin,RegCM4_MPI-M-MPI-ESM-MR
499,2,-59.9,-20.1,tasmin,REMO2015_MOHC-HadGEM2-ES
500,2,-44.7,-2.9,tasmin,REMO2015_NCC-NorESM1-M
501,2,-60.9,-27.9,tasmin,RegCM4_NCC-NorESM1-M
502,2,-65.3,-20.9,tasmin,RegCM4_MPI-M-MPI-ESM-MR
503,2,-41.5,-9.1,tasmin,REMO2015_MPI-M-MPI-ESM-LR
504,2,-60.5,-28.9,tasmin,RegCM4_MPI-M-MPI-ESM-MR
505,2,-74.3,-11.3,tasmin,REMO2015_MPI-M-MPI-ESM-LR
506,2,-40.9,-7.9,tasmin,RegCM4_NCC-NorESM1-M
507,2,-68.5,-28.3,tasmin,REMO2015_NCC-NorESM1-M
508,2,-38.9,-3.9,tasmin,RegCM4_NCC-NorESM1-M
509,2,-57.9,-3.9,tasmin,REMO2015_MPI-M-MPI-ESM-LR
510,2,-68.3,-23.7,tasmin,REMO2015_NCC-NorESM1-M
511,2,-67.1,-22.7,tasmin,RegCM4_NCC-NorESM1-M
512,2,-57.7,-29.5,tasmin,RegCM4_MOHC-HadGEM2-ES
513,3,-71.9,-16.3,tasmin,REMO2015_MPI-M-MPI-ESM-LR
514,3,-75.7,9.1,tasmin,RegCM4_MPI-M-MPI-ESM-MR
515,3,-75.3,-12.5,tasmin,REMO2015_MPI-M-MPI-ESM-LR
516,3,-64.1,-1.3,tasmin,REMO2015_MPI-M-MPI-ESM-LR
517,3,-64.7,2.7,tasmin,REMO2015_MPI-M-MPI-ESM-LR
518,3,-58.1,4.5,tasmin,REMO2015_MPI-M-MPI-ESM-LR
519,3,-65.7,-7.1,tasmin,RegCM4_MPI-M-MPI-ESM-MR
520,3,-75.9,2.7,tasmin,REMO2015_MPI-M-MPI-ESM-LR
521,3,-60.1,-0.1,tasmin,REMO2015_MPI-M-MPI-ESM-LR
522,3,-39.9,-9.9,tasmin,REMO2015_MOHC-HadGEM2-ES
523,3,-58.3,0.5,tasmin,RegCM4_NCC-NorESM1-M
524,3,-58.7,0.7,tasmin,RegCM4_NCC-NorESM1-M
525,3,-65.7,3.1,tasmin,REMO2015_MPI-M-MPI-ESM-LR
526,3,-63.9,-4.1,tasmin,RegCM4_NCC-NorESM1-M
527,3,-77.5,-6.3,tasmin,RegCM4_MOHC-HadGEM2-ES
528,3,-60.5,-5.7,tasmin,REMO2015_MOHC-HadGEM2-ES
529,4,-72.5,-16.1,tasmin,REMO2015_NCC-NorESM1-M
530,4,-61.7,4.5,tasmin,REMO2015_NCC-NorESM1-M
531,4,-64.1,-7.1,tasmin,REMO2015_MOHC-HadGEM2-ES
532,4,-68.3,-10.5,tasmin,RegCM4_MPI-M-MPI-ESM-MR
533,4,-69.7,7.7,tasmin,REMO2015_MOHC-HadGEM2-ES
534,4,-69.1,-10.5,tasmin,REMO2015_MOHC-HadGEM2-ES
535,4,-70.1,-22.9,tasmin,REMO2015_MOHC-HadGEM2-ES
536,4,-61.1,6.7,tasmin,REMO2015_MPI-M-MPI-ESM-LR
537,4,-70.1,8.1,tasmin,REMO2015_MOHC-HadGEM2-ES
538,4,-69.5,7.7,tasmin,REMO2015_MPI-M-MPI-ESM-LR
539,4,-46.5,-9.3,tasmin,RegCM4_MOHC-HadGEM2-ES
540,4,-56.9,0.9,tasmin,REMO2015_MPI-M-MPI-ESM-LR
541,4,-74.9,-14.9,tasmin,REMO2015_NCC-NorESM1-M
542,4,-61.1,-7.7,tasmin,REMO2015_NCC-NorESM1-M
543,4,-42.5,-9.9,tasmin,REMO2015_MOHC-HadGEM2-ES
544,4,-75.3,5.1,tasmin,REMO2015_MPI-M-MPI-ESM-LR
545,5,-70.5,-17.3,tasmin,RegCM4_MPI-M-MPI-ESM-MR
546,5,-73.7,-15.5,tasmin,RegCM4_MPI-M-MPI-ESM-MR
547,5,-71.1,-13.1,tasmin,RegCM4_MPI-M-MPI-ESM-MR
548,5,-62.3,3.7,tasmin,REMO2015_MOHC-HadGEM2-ES
549,5,-58.3,1.5,tasmin,RegCM4_MOHC-HadGEM2-ES
550,5,-59.9,1.5,tasmin,RegCM4_MOHC-HadGEM2-ES
551,5,-70.5,-15.1,tasmin,RegCM4_MPI-M-MPI-ESM-MR
552,5,-57.7,3.1,tasmin,REMO2015_MPI-M-MPI-ESM-LR
553,5,-75.3,4.9,tasmin,RegCM4_MPI-M-MPI-ESM-MR
554,5,-69.3,-13.7,tasmin,RegCM4_NCC-NorESM1-M
555,5,-57.9,-3.5,tasmin,RegCM4_MOHC-HadGEM2-ES
556,5,-79.5,-2.1,tasmin,RegCM4_MPI-M-MPI-ESM-MR
557,5,-69.7,-15.1,tasmin,RegCM4_MPI-M-MPI-ESM-MR
558,5,-56.9,-0.1,tasmin,RegCM4_MOHC-HadGEM2-ES
559,5,-57.7,-3.7,tasmin,RegCM4_MOHC-HadGEM2-ES
560,5,-69.5,-14.9,tasmin,RegCM4_NCC-NorESM1-M
561,6,-69.5,-16.3,tasmin,RegCM4_NCC-NorESM1-M
562,6,-69.7,-15.9,tasmin,RegCM4_NCC-NorESM1-M
563,6,-69.9,-15.9,tasmin,RegCM4_MPI-M-MPI-ESM-MR
564,6,-66.9,-18.9,tasmin,RegCM4_NCC-NorESM1-M
565,6,-69.3,-16.1,tasmin,RegCM4_NCC-NorESM1-M
566,6,-69.9,-15.9,tasmin,RegCM4_NCC-NorESM1-M
567,6,-67.1,-18.9,tasmin,RegCM4_NCC-NorESM1-M
568,6,-68.9,-15.9,tasmin,RegCM4_MPI-M-MPI-ESM-MR
569,6,-69.5,-16.1,tasmin,RegCM4_MPI-M-MPI-ESM-MR
570,6,-66.9,-18.9,tasmin,RegCM4_MPI-M-MPI-ESM-MR
571,6,-69.5,-16.1,tasmin,RegCM4_NCC-NorESM1-M
572,6,-69.3,-15.7,tasmin,RegCM4_NCC-NorESM1-M
573,6,-69.9,-15.7,tasmin,RegCM4_MPI-M-MPI-ESM-MR
574,6,-69.5,-15.9,tasmin,RegCM4_NCC-NorESM1-M
575,6,-69.1,-16.1,tasmin,RegCM4_NCC-NorESM1-M
576,6,-69.5,-15.9,tasmin,RegCM4_MPI-M-MPI-ESM-MR
